"COMMON.NAME","SCIENTIFIC.NAME"
"Red-whiskered Bulbul","Pycnonotus jocosus"
"Northern Lapwing","Vanellus vanellus"
"Indian Roller","Coracias benghalensis"
"Eurasian Wigeon","Mareca penelope"
"Tickell's Blue Flycatcher","Cyornis tickelliae"
"Cotton Pygmy-Goose","Nettapus coromandelianus"
"Mallard","Anas platyrhynchos"
"Black-rumped Flameback","Dinopium benghalense"
"Bluethroat","Luscinia svecica"
"Purple-rumped Sunbird","Leptocoma zeylonica"
"Short-toed Snake-Eagle","Circaetus gallicus"
"Large-billed Crow","Corvus macrorhynchos"
"Sykes's Short-toed Lark","Calandrella dukhunensis"
"Demoiselle Crane","Anthropoides virgo"
"Common Sandpiper","Actitis hypoleucos"
"Slender-billed Gull","Chroicocephalus genei"
"Eurasian Hoopoe","Upupa epops"
"Common Pochard","Aythya ferina"
"Green-winged Teal","Anas crecca"
"Sarus Crane","Antigone antigone"
"Nilgiri Flycatcher","Eumyias albicaudatus"
"Indian Vulture","Gyps indicus"
"Indian Silverbill","Euodice malabarica"
"Spot-winged Starling","Saroglossa spilopterus"
"Kalij Pheasant","Lophura leucomelanos"
"Indian Yellow Tit","Machlolophus aplonotus"
"Long-tailed Duck","Clangula hyemalis"
"Little Stint","Calidris minuta"
"Siberian Crane","Leucogeranus leucogeranus"
"Common Iora","Aegithina tiphia"
"Brown-breasted Flycatcher","Muscicapa muttui"
"Indian Cormorant","Phalacrocorax fuscicollis"
"Desert Wheatear","Oenanthe deserti"
"White-bellied Heron","Ardea insignis"
"Indian White-eye","Zosterops palpebrosus"
"Gray-throated Martin","Riparia chinensis"
"Barn Swallow","Hirundo rustica"
"Red-headed Vulture","Sarcogyps calvus"
"Black Bittern","Ixobrychus flavicollis"
"Tickell's Thrush","Turdus unicolor"
"Intermediate Egret","Ardea intermedia"
"Pied Harrier","Circus melanoleucos"
"Pied Bushchat","Saxicola caprata"
"Brahminy Starling","Sturnia pagodarum"
"White-rumped Vulture","Gyps bengalensis"
"Red-breasted Flycatcher","Ficedula parva"
"White-browed Wagtail","Motacilla maderaspatensis"
"Oriental Magpie-Robin","Copsychus saularis"
"Western Yellow Wagtail","Motacilla flava"
"Common Woodshrike","Tephrodornis pondicerianus"
"Greater Racket-tailed Drongo","Dicrurus paradiseus"
"Gray-breasted Prinia","Prinia hodgsonii"
"Spotted Owlet","Athene brama"
"Sand Lark","Alaudala raytal"
"Black Francolin","Francolinus francolinus"
"Indian Robin","Copsychus fulicatus"
"Long-legged Buzzard","Buteo rufinus"
"Egyptian Vulture","Neophron percnopterus"
"Mountain Hawk-Eagle","Nisaetus nipalensis"
"Indian Pond-Heron","Ardeola grayii"
"Indian Spot-billed Duck","Anas poecilorhyncha"
"Black Drongo","Dicrurus macrocercus"
"Blue-faced Malkoha","Phaenicophaeus viridirostris"
"Paddyfield Pipit","Anthus rufulus"
"Black-chinned Babbler","Cyanoderma pyrrhops"
"White-browed Bulbul","Pycnonotus luteolus"
"Cattle Egret","Bubulcus ibis"
"Wayanad Laughingthrush","Ianthocincla delesserti"
"Bar-headed Goose","Anser indicus"
"Tawny Pipit","Anthus campestris"
"Black Kite","Milvus migrans"
"Gray Bushchat","Saxicola ferreus"
"Loten's Sunbird","Cinnyris lotenius"
"Richard's Pipit","Anthus richardi"
"Greater Coucal","Centropus sinensis"
"Black-winged Kite","Elanus caeruleus"
"House Sparrow","Passer domesticus"
"Eurasian Marsh-Harrier","Circus aeruginosus"
"Brown-backed Needletail","Hirundapus giganteus"
"Ashy Drongo","Dicrurus leucophaeus"
"Bronze-winged Jacana","Metopidius indicus"
"Common Myna","Acridotheres tristis"
"Red-vented Bulbul","Pycnonotus cafer"
"Large Gray Babbler","Turdoides malcolmi"
"White-eared Bulbul","Pycnonotus leucotis"
"Brown-headed Gull","Chroicocephalus brunnicephalus"
"Rufous Treepie","Dendrocitta vagabunda"
"Little Cormorant","Microcarbo niger"
"Plum-headed Parakeet","Psittacula cyanocephala"
"Great Egret","Ardea alba"
"Long-tailed Shrike","Lanius schach"
"Common Greenshank","Tringa nebularia"
"Gray Heron","Ardea cinerea"
"Northern Shoveler","Spatula clypeata"
"Oriental Darter","Anhinga melanogaster"
"Eurasian Spoonbill","Platalea leucorodia"
"Northern Pintail","Anas acuta"
"White-throated Kingfisher","Halcyon smyrnensis"
"Indian Golden Oriole","Oriolus kundoo"
"Citrine Wagtail","Motacilla citreola"
"Brown-cheeked Fulvetta","Alcippe poioicephala"
"Indian Thick-knee","Burhinus indicus"
"Yellow-billed Babbler","Turdoides affinis"
"Nilgiri Flowerpecker","Dicaeum concolor"
"Painted Stork","Mycteria leucocephala"
"Alexandrine Parakeet","Psittacula eupatria"
"Whiskered Tern","Chlidonias hybrida"
"Jungle Babbler","Turdoides striata"
"Gadwall","Mareca strepera"
"Black Redstart","Phoenicurus ochruros"
"Graylag Goose","Anser anser"
"Gray-winged Blackbird","Turdus boulboul"
"Little Swift","Apus affinis"
"Pale-billed Flowerpecker","Dicaeum erythrorhynchos"
"Tree Pipit","Anthus trivialis"
"Black-winged Stilt","Himantopus himantopus"
"White-eyed Buzzard","Butastur teesa"
"Blyth's Reed Warbler","Acrocephalus dumetorum"
"Black-crowned Night-Heron","Nycticorax nycticorax"
"Garganey","Spatula querquedula"
"Heart-spotted Woodpecker","Hemicircus canente"
"Purple Sunbird","Cinnyris asiaticus"
"Yellow-throated Sparrow","Gymnoris xanthocollis"
"Chestnut-bellied Nuthatch","Sitta cinnamoventris"
"Gull-billed Tern","Gelochelidon nilotica"
"Asian Barred Owlet","Glaucidium cuculoides"
"Black-necked Stork","Ephippiorhynchus asiaticus"
"Asian Koel","Eudynamys scolopaceus"
"Indian Swiftlet","Aerodramus unicolor"
"Asian Palm-Swift","Cypsiurus balasiensis"
"House Crow","Corvus splendens"
"Eurasian Coot","Fulica atra"
"Gray Wagtail","Motacilla cinerea"
"Gray-headed Swamphen","Porphyrio poliocephalus"
"Eurasian Collared-Dove","Streptopelia decaocto"
"Green Bee-eater","Merops orientalis"
"Red-crested Pochard","Netta rufina"
"Cinereous Tit","Parus cinereus"
"Yellow-wattled Lapwing","Vanellus malabaricus"
"Terek Sandpiper","Xenus cinereus"
"Black Eagle","Ictinaetus malaiensis"
"Buff-barred Warbler","Phylloscopus pulcher"
"Gray Francolin","Francolinus pondicerianus"
"Red-rumped Swallow","Cecropis daurica"
"Red-wattled Lapwing","Vanellus indicus"
"Large Cuckooshrike","Coracina macei"
"Wood Sandpiper","Tringa glareola"
"Striated Heron","Butorides striata"
"Oriental Turtle-Dove","Streptopelia orientalis"
"Vernal Hanging-Parrot","Loriculus vernalis"
"Black-hooded Oriole","Oriolus xanthornus"
"Indian Scops-Owl","Otus bakkamoena"
"Scaly Thrush","Zoothera dauma"
"Little Egret","Egretta garzetta"
"Blue Whistling-Thrush","Myophonus caeruleus"
"Black-headed Ibis","Threskiornis melanocephalus"
"Bay-backed Shrike","Lanius vittatus"
"Asian Openbill","Anastomus oscitans"
"Pallid Harrier","Circus macrourus"
"Crested Serpent-Eagle","Spilornis cheela"
"Oriental Scops-Owl","Otus sunia"
"White-rumped Shama","Copsychus malabaricus"
"Gray-headed Woodpecker","Picus canus"
"Eurasian Moorhen","Gallinula chloropus"
"Spotted Dove","Streptopelia chinensis"
"Indian Paradise-Flycatcher","Terpsiphone paradisi"
"Stork-billed Kingfisher","Pelargopsis capensis"
"Yellow-billed Blue-Magpie","Urocissa flavirostris"
"Indian Peafowl","Pavo cristatus"
"Himalayan Griffon","Gyps himalayensis"
"Yellow-eyed Babbler","Chrysomma sinense"
"Common Tailorbird","Orthotomus sutorius"
"Red Avadavat","Amandava amandava"
"Purple Heron","Ardea purpurea"
"Little Grebe","Tachybaptus ruficollis"
"Ruddy Shelduck","Tadorna ferruginea"
"Taiga Flycatcher","Ficedula albicilla"
"Himalayan Black-lored Tit","Machlolophus xanthogenys"
"Oriental Honey-buzzard","Pernis ptilorhynchus"
"Greater Flamingo","Phoenicopterus roseus"
"Pink-browed Rosefinch","Carpodacus rodochroa"
"Common Hawk-Cuckoo","Hierococcyx varius"
"Little Bunting","Emberiza pusilla"
"Paddyfield Warbler","Acrocephalus agricola"
"Spot-billed Pelican","Pelecanus philippensis"
"Eurasian Kestrel","Falco tinnunculus"
"River Tern","Sterna aurantia"
"Spotted Redshank","Tringa erythropus"
"Asian Fairy-bluebird","Irena puella"
"Flame-throated Bulbul","Rubigula gularis"
"Black-headed Cuckooshrike","Lalage melanoptera"
"Common Chiffchaff","Phylloscopus collybita"
"Laughing Dove","Streptopelia senegalensis"
"White-breasted Waterhen","Amaurornis phoenicurus"
"Lesser Whistling-Duck","Dendrocygna javanica"
"Kentish Plover","Charadrius alexandrinus"
"Common Redshank","Tringa totanus"
"Himalayan Cuckoo","Cuculus saturatus"
"White-cheeked Barbet","Psilopogon viridis"
"Hume's Warbler","Phylloscopus humei"
"Baya Weaver","Ploceus philippinus"
"Wire-tailed Swallow","Hirundo smithii"
"Orange Minivet","Pericrocotus flammeus"
"Brahminy Kite","Haliastur indus"
"Black-crested Bulbul","Rubigula flaviventris"
"Ashy-crowned Sparrow-Lark","Eremopterix griseus"
"Yellow-footed Green-Pigeon","Treron phoenicopterus"
"White-bellied Drongo","Dicrurus caerulescens"
"Rufous-gorgeted Flycatcher","Ficedula strophiata"
"White-headed Starling","Sturnia erythropygia"
"Rose-ringed Parakeet","Psittacula krameri"
"Common Rosefinch","Carpodacus erythrinus"
"Greater Sand-Plover","Charadrius leschenaultii"
"Yellow-bellied Warbler","Abroscopus superciliaris"
"Clamorous Reed Warbler","Acrocephalus stentoreus"
"River Lapwing","Vanellus duvaucelii"
"Green Sandpiper","Tringa ochropus"
"Forest Wagtail","Dendronanthus indicus"
"Jungle Myna","Acridotheres fuscus"
"Short-billed Minivet","Pericrocotus brevirostris"
"Rosy Starling","Pastor roseus"
"Ashy Prinia","Prinia socialis"
"Black-headed Gull","Chroicocephalus ridibundus"
"White-browed Fantail","Rhipidura aureola"
"Jungle Bush-Quail","Perdicula asiatica"
"Black-tailed Godwit","Limosa limosa"
"White-tailed Nuthatch","Sitta himalayensis"
"Western Crowned Warbler","Phylloscopus occipitalis"
"Common Cuckoo","Cuculus canorus"
"Slaty-headed Parakeet","Psittacula himalayana"
"Tytler's Leaf Warbler","Phylloscopus tytleri"
"Plain Prinia","Prinia inornata"
"Small Pratincole","Glareola lactea"
"Pied Kingfisher","Ceryle rudis"
"Dusky Crag-Martin","Ptyonoprogne concolor"
"Chestnut-tailed Minla","Actinodura strigula"
"Rufous-tailed Lark","Ammomanes phoenicura"
"Indian Scimitar-Babbler","Pomatorhinus horsfieldii"
"Tawny Eagle","Aquila rapax"
"Gray-backed Shrike","Lanius tephronotus"
"Common Kingfisher","Alcedo atthis"
"Siberian Stonechat","Saxicola maurus"
"Small Minivet","Pericrocotus cinnamomeus"
"Bronzed Drongo","Dicrurus aeneus"
"Bank Myna","Acridotheres ginginianus"
"Long-tailed Minivet","Pericrocotus ethologus"
"Long-tailed Sibia","Heterophasia picaoides"
"Imperial Eagle","Aquila heliaca"
"Greater Spotted Eagle","Clanga clanga"
"Shikra","Accipiter badius"
"Puff-throated Babbler","Pellorneum ruficeps"
"Red Collared-Dove","Streptopelia tranquebarica"
"Jungle Prinia","Prinia sylvatica"
"Great Barbet","Psilopogon virens"
"Ruff","Calidris pugnax"
"Ashy Woodswallow","Artamus fuscus"
"Scarlet Minivet","Pericrocotus speciosus"
"Yellow-crowned Woodpecker","Leiopicus mahrattensis"
"Common Hill Myna","Gracula religiosa"
"Rufous-bellied Niltava","Niltava sundara"
"Brown Shrike","Lanius cristatus"
"Indian Courser","Cursorius coromandelicus"
"Plain Mountain-Finch","Leucosticte nemoricola"
"Marsh Sandpiper","Tringa stagnatilis"
"Horned Lark","Eremophila alpestris"
"Black-capped Kingfisher","Halcyon pileata"
"Great White Pelican","Pelecanus onocrotalus"
"White Wagtail","Motacilla alba"
"Bar-tailed Treecreeper","Certhia himalayana"
"White-rumped Munia","Lonchura striata"
"Fire-tailed Sunbird","Aethopyga ignicauda"
"Black-necked Crane","Grus nigricollis"
"Dusky Eagle-Owl","Bubo coromandus"
"Pheasant-tailed Jacana","Hydrophasianus chirurgus"
"Slaty-breasted Rail","Lewinia striata"
"White-capped Redstart","Phoenicurus leucocephalus"
"Square-tailed Bulbul","Hypsipetes ganeesa"
"Indian Nuthatch","Sitta castanea"
"Pacific Golden-Plover","Pluvialis fulva"
"White-tailed Iora","Aegithina nigrolutea"
"Alpine Swift","Apus melba"
"Little Tern","Sternula albifrons"
"Verditer Flycatcher","Eumyias thalassinus"
"Black-bellied Plover","Pluvialis squatarola"
"Black-bellied Tern","Sterna acuticauda"
"Lesser Sand-Plover","Charadrius mongolus"
"Spot-breasted Fantail","Rhipidura albogularis"
"European Starling","Sturnus vulgaris"
"Blue-cheeked Bee-eater","Merops persicus"
"Scaly-breasted Munia","Lonchura punctulata"
"Black Bulbul","Hypsipetes leucocephalus"
"Yellow-legged Buttonquail","Turnix tanki"
"Indian Gray Hornbill","Ocyceros birostris"
"Asian Pied Starling","Gracupica contra"
"Brown-headed Barbet","Psilopogon zeylanicus"
"Speckled Piculet","Picumnus innominatus"
"Golden-fronted Leafbird","Chloropsis aurifrons"
"Blue-throated Barbet","Psilopogon asiaticus"
"Red-naped Ibis","Pseudibis papillosa"
"Pied Cuckoo","Clamator jacobinus"
"Malabar Parakeet","Psittacula columboides"
"Ashy Bulbul","Hemixos flavala"
"Tufted Duck","Aythya fuligula"
"Eurasian Tree Sparrow","Passer montanus"
"Jungle Owlet","Glaucidium radiatum"
"Dark-fronted Babbler","Rhopocichla atriceps"
"Mountain Imperial-Pigeon","Ducula badia"
"Jerdon's Bushlark","Mirafra affinis"
"Cinnamon Bittern","Ixobrychus cinnamomeus"
"Red-headed Bullfinch","Pyrrhula erythrocephala"
"Plaintive Cuckoo","Cacomantis merulinus"
"Olive-backed Pipit","Anthus hodgsoni"
"Eurasian Curlew","Numenius arquata"
"Mottled Wood-Owl","Strix ocellata"
"Malabar Whistling-Thrush","Myophonus horsfieldii"
"Yellow-browed Bulbul","Iole indica"
"Greenish Warbler","Phylloscopus trochiloides"
"Gray-headed Canary-Flycatcher","Culicicapa ceylonensis"
"Rusty-cheeked Scimitar-Babbler","Megapomatorhinus erythrogenys"
"Temminck's Stint","Calidris temminckii"
"Great Cormorant","Phalacrocorax carbo"
"Woolly-necked Stork","Ciconia episcopus"
"White-cheeked Nuthatch","Sitta leucopsis"
"Hair-crested Drongo","Dicrurus hottentottus"
"Painted Francolin","Francolinus pictus"
"Green Imperial-Pigeon","Ducula aenea"
"Gray Junglefowl","Gallus sonneratii"
"Ferruginous Duck","Aythya nyroca"
"Asian Brown Flycatcher","Muscicapa dauurica"
"Blue-bearded Bee-eater","Nyctyornis athertoni"
"Coppersmith Barbet","Psilopogon haemacephalus"
"Red-billed Blue-Magpie","Urocissa erythroryncha"
"Streak-throated Woodpecker","Picus xanthopygaeus"
"Booted Eagle","Hieraaetus pennatus"
"Western Reef-Heron","Egretta gularis"
"Graceful Prinia","Prinia gracilis"
"Great Crested Tern","Thalasseus bergii"
"Streaked Weaver","Ploceus manyar"
"Booted Warbler","Iduna caligata"
"Spectacled Finch","Callacanthis burtoni"
"Little Ringed Plover","Charadrius dubius"
"Sulphur-bellied Warbler","Phylloscopus griseolus"
"White-cheeked Partridge","Arborophila atrogularis"
"Malabar Pied-Hornbill","Anthracoceros coronatus"
"Crimson Sunbird","Aethopyga siparaja"
"Rufous-throated Partridge","Arborophila rufogularis"
"Chestnut-tailed Starling","Sturnia malabarica"
"Red Junglefowl","Gallus gallus"
"Blue-tailed Bee-eater","Merops philippinus"
"Coal Tit","Periparus ater"
"Osprey","Pandion haliaetus"
"Greater Painted-Snipe","Rostratula benghalensis"
"Brown-fronted Woodpecker","Dendrocoptes auriceps"
"Tricolored Munia","Lonchura malacca"
"Black-winged Cuckooshrike","Lalage melaschistos"
"Red-necked Falcon","Falco chicquera"
"Great Gray Shrike","Lanius excubitor"
"Pallas's Sandgrouse","Syrrhaptes paradoxus"
"Pied Avocet","Recurvirostra avosetta"
"Horned Grebe","Podiceps auritus"
"Rock Pigeon","Columba livia"
"Malabar Gray Hornbill","Ocyceros griseus"
"Black-throated Munia","Lonchura kelaarti"
"Indian Spotted Creeper","Salpornis spilonota"
"Eastern Orphean Warbler","Sylvia crassirostris"
"Himalayan Buzzard","Buteo refectus"
"Red-breasted Parakeet","Psittacula alexandri"
"Chestnut-crowned Laughingthrush","Trochalopteron erythrocephalum"
"Malabar Barbet","Psilopogon malabaricus"
"Green-backed Tit","Parus monticolus"
"White-collared Blackbird","Turdus albocinctus"
"Curlew Sandpiper","Calidris ferruginea"
"Fire-fronted Serin","Serinus pusillus"
"Indian Bushlark","Mirafra erythroptera"
"Black Stork","Ciconia nigra"
"Mangrove Whistler","Pachycephala cinerea"
"Gray-bellied Cuckoo","Cacomantis passerinus"
"White-tailed Lapwing","Vanellus leucurus"
"Crested Lark","Galerida cristata"
"Rufous-breasted Accentor","Prunella strophiata"
"Bearded Vulture","Gypaetus barbatus"
"Eurasian Wren","Troglodytes troglodytes"
"Altai Accentor","Prunella himalayana"
"Streak-throated Swallow","Petrochelidon fluvicola"
"Vigors's Sunbird","Aethopyga vigorsii"
"Orange-bellied Leafbird","Chloropsis hardwickii"
"Blue Rock-Thrush","Monticola solitarius"
"Red Spurfowl","Galloperdix spadicea"
"Streaked Laughingthrush","Trochalopteron lineatum"
"White-throated Laughingthrush","Ianthocincla albogularis"
"Glossy Ibis","Plegadis falcinellus"
"Great Crested Grebe","Podiceps cristatus"
"Common House-Martin","Delichon urbicum"
"Dollarbird","Eurystomus orientalis"
"Mountain Scops-Owl","Otus spilocephalus"
"Common Snipe","Gallinago gallinago"
"Rufous-bellied Woodpecker","Dendrocopos hyperythrus"
"Black-faced Warbler","Abroscopus schisticeps"
"Rock Bunting","Emberiza cia"
"White-throated Fantail","Rhipidura albicollis"
"Great Hornbill","Buceros bicornis"
"Greater Flameback","Chrysocolaptes guttacristatus"
"White-naped Woodpecker","Chrysocolaptes festivus"
"Lesser Black-backed Gull","Larus fuscus"
"Montagu's Harrier","Circus pygargus"
"Crimson-breasted Woodpecker","Dryobates cathpharius"
"Green-tailed Sunbird","Aethopyga nipalensis"
"Koklass Pheasant","Pucrasia macrolopha"
"Brown Dipper","Cinclus pallasii"
"Lemon-rumped Warbler","Phylloscopus chloronotus"
"Chukar","Alectoris chukar"
"European Goldfinch","Carduelis carduelis"
"Ultramarine Flycatcher","Ficedula superciliaris"
"Swamp Francolin","Francolinus gularis"
"Dunlin","Calidris alpina"
"Oriental Pratincole","Glareola maldivarum"
"Chestnut-bellied Rock-Thrush","Monticola rufiventris"
"Bimaculated Lark","Melanocorypha bimaculata"
"Brownish-flanked Bush Warbler","Horornis fortipes"
"White-bellied Minivet","Pericrocotus erythropygius"
"Crested Treeswift","Hemiprocne coronata"
"White Stork","Ciconia ciconia"
"Ruddy-breasted Crake","Zapornia fusca"
"Bar-winged Flycatcher-shrike","Hemipus picatus"
"Macqueen's Bustard","Chlamydotis macqueenii"
"Baillon's Crake","Zapornia pusilla"
"Rufous-naped Tit","Periparus rufonuchalis"
"Rufous-necked Laughingthrush","Ianthocincla ruficollis"
"Pin-tailed Snipe","Gallinago stenura"
"Eurasian Griffon","Gyps fulvus"
"Chestnut-headed Bee-eater","Merops leschenaulti"
"Himalayan Shrike-Babbler","Pteruthius ripleyi"
"Scaly-bellied Woodpecker","Picus squamatus"
"Hill Partridge","Arborophila torqueola"
"Indian Nightjar","Caprimulgus asiaticus"
"Slaty-blue Flycatcher","Ficedula tricolor"
"Orange-headed Thrush","Geokichla citrina"
"Indian Pitta","Pitta brachyura"
"Barred Buttonquail","Turnix suscitator"
"Himalayan Bulbul","Pycnonotus leucogenys"
"Rosy Pipit","Anthus roseatus"
"Crab-Plover","Dromas ardeola"
"Indian Cuckoo","Cuculus micropterus"
"Isabelline Wheatear","Oenanthe isabellina"
"Oriental Skylark","Alauda gulgula"
"Velvet-fronted Nuthatch","Sitta frontalis"
"Fulvous-breasted Woodpecker","Dendrocopos macei"
"Siberian Rubythroat","Calliope calliope"
"Malabar Starling","Sturnia blythii"
"Gray-bellied Tesia","Tesia cyaniventer"
"Indian Blackbird","Turdus simillimus"
"Steppe Eagle","Aquila nipalensis"
"Common Babbler","Turdoides caudata"
"Yellow-browed Warbler","Phylloscopus inornatus"
"Rufous Sibia","Heterophasia capistrata"
"Gray-headed Bulbul","Brachypodius priocephalus"
"Himalayan Woodpecker","Dendrocopos himalayensis"
"Gray Peacock-Pheasant","Polyplectron bicalcaratum"
"Malabar Trogon","Harpactes fasciatus"
"Brown Rock Chat","Oenanthe fusca"
"Great Thick-knee","Esacus recurvirostris"
"Northern Goshawk","Accipiter gentilis"
"Brown Fish-Owl","Ketupa zeylonensis"
"Blyth's Leaf Warbler","Phylloscopus reguloides"
"Black-crowned Sparrow-Lark","Eremopterix nigriceps"
"Little Spiderhunter","Arachnothera longirostra"
"Mrs. Gould's Sunbird","Aethopyga gouldiae"
"White-bellied Woodpecker","Dryocopus javensis"
"Brown Boobook","Ninox scutulata"
"Banded Bay Cuckoo","Cacomantis sonneratii"
"Rain Quail","Coturnix coromandelica"
"Greater Necklaced Laughingthrush","Ianthocincla pectoralis"
"Oriental Pied-Hornbill","Anthracoceros albirostris"
"Chestnut-bellied Sandgrouse","Pterocles exustus"
"Caspian Tern","Hydroprogne caspia"
"Variegated Laughingthrush","Trochalopteron variegatum"
"Bay Woodpecker","Blythipicus pyrrhotis"
"Black-throated Sunbird","Aethopyga saturata"
"Knob-billed Duck","Sarkidiornis melanotos"
"Indian Blue Robin","Larvivora brunnea"
"Bonelli's Eagle","Aquila fasciata"
"Zitting Cisticola","Cisticola juncidis"
"Common Raven","Corvus corax"
"Jerdon's Leafbird","Chloropsis jerdoni"
"Lesser Yellownape","Picus chlorolophus"
"Tibetan Snowcock","Tetraogallus tibetanus"
"House Swift","Apus nipalensis"
"Rufous Babbler","Turdoides subrufa"
"Tickell's Leaf Warbler","Phylloscopus affinis"
"Black-headed Mountain-Finch","Leucosticte brandti"
"Striated Prinia","Prinia crinigera"
"White-winged Duck","Asarcornis scutulata"
"Eurasian Wryneck","Jynx torquilla"
"Crested Kingfisher","Megaceryle lugubris"
"Gray-headed Lapwing","Vanellus cinereus"
"Peregrine Falcon","Falco peregrinus"
"Rock Bush-Quail","Perdicula argoondah"
"Black-naped Monarch","Hypothymis azurea"
"White-bellied Erpornis","Erpornis zantholeuca"
"Desert Lark","Ammomanes deserti"
"Indian Spotted Eagle","Clanga hastata"
"Changeable Hawk-Eagle","Nisaetus cirrhatus"
"Red-backed Shrike","Lanius collurio"
"Jack Snipe","Lymnocryptes minimus"
"Large-tailed Nightjar","Caprimulgus macrurus"
"Common Shelduck","Tadorna tadorna"
"Eurasian Crag-Martin","Ptyonoprogne rupestris"
"Thick-billed Flowerpecker","Dicaeum agile"
"Whiskered Yuhina","Yuhina flavicollis"
"Blue-winged Minla","Actinodura cyanouroptera"
"White-crested Laughingthrush","Garrulax leucolophus"
"Lesser Racket-tailed Drongo","Dicrurus remifer"
"Brown-capped Woodpecker","Yungipicus nanus"
"Black-throated Accentor","Prunella atrogularis"
"Indian Skimmer","Rynchops albicollis"
"Savanna Nightjar","Caprimulgus affinis"
"Black-throated Tit","Aegithalos concinnus"
"Chestnut-crowned Warbler","Phylloscopus castaniceps"
"Blue-fronted Redstart","Phoenicurus frontalis"
"White-capped Bunting","Emberiza stewarti"
"Black-breasted Weaver","Ploceus benghalensis"
"Cinereous Vulture","Aegypius monachus"
"Orange-breasted Green-Pigeon","Treron bicinctus"
"Barred Cuckoo-Dove","Macropygia unchall"
"White-throated Dipper","Cinclus cinclus"
"Dusky Warbler","Phylloscopus fuscatus"
"Plumbeous Redstart","Phoenicurus fuliginosus"
"Little Owl","Athene noctua"
"Gray-sided Bush Warbler","Cettia brunnifrons"
"Golden Eagle","Aquila chrysaetos"
"White-throated Bulbul","Alophoixus flaveolus"
"Common Crane","Grus grus"
"Barn Owl","Tyto alba"
"Hen Harrier","Circus cyaneus"
"Fire-capped Tit","Cephalopyrus flammiceps"
"Wreathed Hornbill","Rhyticeros undulatus"
"Lineated Barbet","Psilopogon lineatus"
"Little Pied Flycatcher","Ficedula westermanni"
"Long-tailed Parakeet","Psittacula longicauda"
"Spotted Forktail","Enicurus maculatus"
"Eurasian Sparrowhawk","Accipiter nisus"
"Lesser Adjutant","Leptoptilos javanicus"
"Rusty-flanked Treecreeper","Certhia nipalensis"
"Indochinese Roller","Coracias affinis"
"White-browed Fulvetta","Fulvetta vinipectus"
"Mountain Bulbul","Ixos mcclellandii"
"Long-billed Pipit","Anthus similis"
"Blue-throated Flycatcher","Cyornis rubeculoides"
"Pallas's Gull","Ichthyaetus ichthyaetus"
"Red-tailed Minla","Minla ignotincta"
"Gray-fronted Green-Pigeon","Treron affinis"
"Tawny-bellied Babbler","Dumetia hyperythra"
"Sanderling","Calidris alba"
"Ruby-cheeked Sunbird","Chalcoparia singalensis"
"Pin-tailed Green-Pigeon","Treron apicauda"
"Pallas's Fish-Eagle","Haliaeetus leucoryphus"
"Collared Owlet","Glaucidium brodiei"
"Striated Laughingthrush","Grammatoptila striata"
"Black-throated Thrush","Turdus atrogularis"
"Common Swift","Apus apus"
"Sirkeer Malkoha","Taccocua leschenaultii"
"Large-billed Leaf Warbler","Phylloscopus magnirostris"
"Gray Treepie","Dendrocitta formosae"
"Gray-capped Woodpecker","Yungipicus canicapillus"
"White-bellied Blue Flycatcher","Cyornis pallidipes"
"Little Bittern","Ixobrychus minutus"
"White-hooded Babbler","Gampsorhynchus rufulus"
"Lesser Whitethroat","Sylvia curruca"
"Blue-capped Redstart","Phoenicurus coeruleocephala"
"Gray-hooded Warbler","Phylloscopus xanthoschistos"
"Southern Hill Myna","Gracula indica"
"Jerdon's Nightjar","Caprimulgus atripennis"
"Scaly Laughingthrush","Trochalopteron subunicolor"
"Streaked Spiderhunter","Arachnothera magna"
"Falcated Duck","Mareca falcata"
"Brown Crake","Zapornia akool"
"Yellow-bellied Fairy-Fantail","Chelidorhynx hypoxanthus"
"Long-toed Stint","Calidris subminuta"
"Beautiful Sibia","Heterophasia pulchella"
"Ruddy Turnstone","Arenaria interpres"
"Black-winged Snowfinch","Montifringilla adamsi"
"Upland Pipit","Anthus sylvanus"
"Nepal Fulvetta","Alcippe nipalensis"
"Little Forktail","Enicurus scouleri"
"Rusty-fronted Barwing","Actinodura egertoni"
"Russet Sparrow","Passer cinnamomeus"
"Hoary-throated Barwing","Actinodura nipalensis"
"Scaly-breasted Cupwing","Pnoepyga albiventer"
"Green Warbler","Phylloscopus nitidus"
"Crimson-backed Sunbird","Leptocoma minima"
"White-tailed Robin","Myiomela leucura"
"Jungle Nightjar","Caprimulgus indicus"
"Square-tailed Drongo-Cuckoo","Surniculus lugubris"
"Lesser Crested Tern","Thalasseus bengalensis"
"White-rumped Needletail","Zoonavena sylvatica"
"Common Merganser","Mergus merganser"
"Pale-chinned Blue Flycatcher","Cyornis poliogenys"
"Large Woodshrike","Tephrodornis virgatus"
"Green-billed Malkoha","Phaenicophaeus tristis"
"Asian Emerald Dove","Chalcophaps indica"
"Fire-breasted Flowerpecker","Dicaeum ignipectus"
"Mistle Thrush","Turdus viscivorus"
"Himalayan Rubythroat","Calliope pectoralis"
"White-bellied Sea-Eagle","Haliaeetus leucogaster"
"Greater Yellownape","Chrysophlegma flavinucha"
"Yellow-bellied Prinia","Prinia flaviventris"
"Scarlet Finch","Carpodacus sipahi"
"Black-and-yellow Grosbeak","Mycerobas icterioides"
"White-browed Bush-Robin","Tarsiger indicus"
"Rufous Woodpecker","Micropternus brachyurus"
"Long-billed Thrush","Zoothera monticola"
"Blue-breasted Quail","Synoicus chinensis"
"White-naped Tit","Machlolophus nuchalis"
"Lesser Coucal","Centropus bengalensis"
"Himalayan Bluetail","Tarsiger rufilatus"
"Red-headed Trogon","Harpactes erythrocephalus"
"Mongolian Finch","Bucanetes mongolicus"
"Fire-tailed Myzornis","Myzornis pyrrhoura"
"Painted Spurfowl","Galloperdix lunulata"
"Variable Wheatear","Oenanthe picata"
"Small Niltava","Niltava macgrigoriae"
"Chestnut-eared Bunting","Emberiza fucata"
"Maroon Oriole","Oriolus traillii"
"Crested Bunting","Emberiza lathami"
"Black-headed Bunting","Emberiza melanocephala"
"Red-billed Leiothrix","Leiothrix lutea"
"Singing Bushlark","Mirafra cantillans"
"Blue-capped Rock-Thrush","Monticola cinclorhyncha"
"Pale-legged Leaf Warbler","Phylloscopus tenellipes"
"Red-billed Chough","Pyrrhocorax pyrrhocorax"
"White-bellied Treepie","Dendrocitta leucogastra"
"Watercock","Gallicrex cinerea"
"Pale Sand Martin","Riparia diluta"
"Green-crowned Warbler","Phylloscopus burkii"
"Large Niltava","Niltava grandis"
"Goldcrest","Regulus regulus"
"Black-naped Tern","Sterna sumatrana"
"Twite","Linaria flavirostris"
"Common Buzzard","Buteo buteo"
"Painted Sandgrouse","Pterocles indicus"
"Hill Pigeon","Columba rupestris"
"Black-headed Jay","Garrulus lanceolatus"
"Gray-sided Thrush","Turdus feae"
"Buff-chested Babbler","Cyanoderma ambiguum"
"Bohemian Waxwing","Bombycilla garrulus"
"Pale-headed Woodpecker","Gecinulus grantia"
"Asian Emerald Cuckoo","Chrysococcyx maculatus"
"Rufous-chinned Laughingthrush","Ianthocincla rufogularis"
"Golden Babbler","Cyanoderma chrysaeum"
"Blue-winged Leafbird","Chloropsis cochinchinensis"
"Whimbrel","Numenius phaeopus"
"Gray-throated Babbler","Stachyris nigriceps"
"Black-and-orange Flycatcher","Ficedula nigrorufa"
"Pin-striped Tit-Babbler","Mixornis gularis"
"Sandwich Tern","Thalasseus sandvicensis"
"White-tailed Stonechat","Saxicola leucurus"
"Fulvous Whistling-Duck","Dendrocygna bicolor"
"Eurasian Jay","Garrulus glandarius"
"Striated Babbler","Turdoides earlei"
"Spotted Laughingthrush","Ianthocincla ocellata"
"Green Shrike-Babbler","Pteruthius xanthochlorus"
"Wedge-tailed Green-Pigeon","Treron sphenurus"
"Great Rosefinch","Carpodacus rubicilla"
"Pied Wheatear","Oenanthe pleschanka"
"Malabar Woodshrike","Tephrodornis sylvicola"
"Rufous-fronted Prinia","Prinia buchanani"
"Hume's Lark","Calandrella acutirostris"
"Yellow-browed Tit","Sylviparus modestus"
"Dark-rumped Rosefinch","Carpodacus edwardsii"
"Flavescent Bulbul","Pycnonotus flavescens"
"Crested Goshawk","Accipiter trivirgatus"
"Asian Dowitcher","Limnodromus semipalmatus"
"Lesser Flamingo","Phoeniconaias minor"
"Jerdon's Courser","Rhinoptilus bitorquatus"
"Thick-billed Warbler","Arundinax aedon"
"Sykes's Warbler","Iduna rama"
"Snow Pigeon","Columba leuconota"
"Yellow-vented Warbler","Phylloscopus cantator"
"Bengal Bushlark","Mirafra assamica"
"Eurasian Jackdaw","Corvus monedula"
"Eurasian Oystercatcher","Haematopus ostralegus"
"Greater Short-toed Lark","Calandrella brachydactyla"
"Red-headed Bunting","Emberiza bruniceps"
"Malabar Lark","Galerida malabarica"
"Black-backed Forktail","Enicurus immaculatus"
"White-spectacled Warbler","Phylloscopus intermedius"
"Laggar Falcon","Falco jugger"
"White-winged Tern","Chlidonias leucopterus"
"Great Knot","Calidris tenuirostris"
"Mount Victoria Babax","Ianthocincla woodi"
"Chestnut-capped Babbler","Timalia pileata"
"White-tailed Eagle","Haliaeetus albicilla"
"Yellow-throated Bulbul","Pycnonotus xantholaemus"
"Broad-billed Sandpiper","Calidris falcinellus"
"Barred Warbler","Sylvia nisoria"
"Rufescent Prinia","Prinia rufescens"
"Striated Bulbul","Pycnonotus striatus"
"White-winged Redstart","Phoenicurus erythrogastrus"
"Bar-tailed Godwit","Limosa lapponica"
"Golden Bush-Robin","Tarsiger chrysaeus"
"White-naped Yuhina","Yuhina bakeri"
"Common Tern","Sterna hirundo"
"Wallcreeper","Tichodroma muraria"
"Golden-headed Cisticola","Cisticola exilis"
"Dark-sided Flycatcher","Muscicapa sibirica"
"Beautiful Nuthatch","Sitta formosa"
"Yellow Bittern","Ixobrychus sinensis"
"Striolated Bunting","Emberiza striolata"
"Mountain Chiffchaff","Phylloscopus sindianus"
"Ashy-throated Warbler","Phylloscopus maculipennis"
"Striated Grassbird","Megalurus palustris"
"Himalayan Swiftlet","Aerodramus brevirostris"
"Robin Accentor","Prunella rubeculoides"
"Slender-billed Vulture","Gyps tenuirostris"
"Maroon-backed Accentor","Prunella immaculata"
"Long-tailed Broadbill","Psarisomus dalhousiae"
"Blue-eared Barbet","Psilopogon duvaucelii"
"Yellow-breasted Greenfinch","Chloris spinoides"
"White-crowned Penduline-Tit","Remiz coronatus"
"White-browed Scimitar-Babbler","Pomatorhinus schisticeps"
"Yellow-billed Chough","Pyrrhocorax graculus"
"Nepal House-Martin","Delichon nipalense"
"Hodgson's Treecreeper","Certhia hodgsoni"
"Blanford's Snowfinch","Montifringilla blanfordi"
"Rufous-bellied Eagle","Lophotriorchis kienerii"
"Marbled Teal","Marmaronetta angustirostris"
"Black Baza","Aviceda leuphotes"
"Black-chinned Yuhina","Yuhina nigrimenta"
"Black-throated Prinia","Prinia atrogularis"
"Sooty Tern","Onychoprion fuscatus"
"Aberrant Bush Warbler","Horornis flavolivaceus"
"Rufous-breasted Bush-Robin","Tarsiger hyperythrus"
"Sultan Tit","Melanochlora sultanea"
"Golden-breasted Fulvetta","Lioparus chrysotis"
"Lesser Fish-Eagle","Haliaeetus humilis"
"Large Hawk-Cuckoo","Hierococcyx sparverioides"
"Common Flameback","Dinopium javanense"
"Eurasian Nutcracker","Nucifraga caryocatactes"
"Whistler's Warbler","Phylloscopus whistleri"
"Rusty-tailed Flycatcher","Ficedula ruficauda"
"Silver-eared Mesia","Leiothrix argentauris"
"Thick-billed Green-Pigeon","Treron curvirostra"
"Solitary Snipe","Gallinago solitaria"
"Eurasian Woodcock","Scolopax rusticola"
"Blue-winged Laughingthrush","Trochalopteron squamatum"
"Gray-chinned Minivet","Pericrocotus solaris"
"Spot-winged Rosefinch","Carpodacus rodopeplus"
"Swamp Grass Babbler","Laticilla cinerascens"
"Brambling","Fringilla montifringilla"
"Isabelline Shrike","Lanius isabellinus"
"Black-breasted Thrush","Turdus dissimilis"
"Great Slaty Woodpecker","Mulleripicus pulverulentus"
"Hill Swallow","Hirundo domicola"
"Assam Laughingthrush","Trochalopteron chrysopterum"
"Blyth's Rosefinch","Carpodacus grandis"
"Great Eared-Nightjar","Lyncornis macrotis"
"Snowy-browed Flycatcher","Ficedula hyperythra"
"Chinese Rubythroat","Calliope tschebaiewi"
"Pied Thrush","Geokichla wardii"
"Slender-billed Scimitar-Babbler","Pomatorhinus superciliaris"
"Daurian Redstart","Phoenicurus auroreus"
"Slaty-backed Forktail","Enicurus schistaceus"
"Blue-naped Pitta","Hydrornis nipalensis"
"Himalayan Flameback","Dinopium shorii"
"Gray Sibia","Heterophasia gracilis"
"White-bellied Redstart","Luscinia phaenicuroides"
"Sind Sparrow","Passer pyrrhonotus"
"Nilgiri Pipit","Anthus nilghiriensis"
"Water Rail","Rallus aquaticus"
"Eurasian Hobby","Falco subbuteo"
"Speckled Wood-Pigeon","Columba hodgsonii"
"Brown Wood-Owl","Strix leptogrammica"
"Plain Flowerpecker","Dicaeum minullum"
"Gray-crested Tit","Lophophanes dichrous"
"Black-naped Oriole","Oriolus chinensis"
"Cheer Pheasant","Catreus wallichii"
"Greater Hoopoe-Lark","Alaemon alaudipes"
"Alpine Thrush","Zoothera mollissima"
"Yellow-cheeked Tit","Machlolophus spilonotus"
"Black-faced Bunting","Emberiza spodocephala"
"Black-faced Laughingthrush","Trochalopteron affine"
"Eurasian Magpie","Pica pica"
"White-browed Piculet","Sasia ochracea"
"Hooded Pitta","Pitta sordida"
"Rufous-vented Laughingthrush","Ianthocincla gularis"
"Kashmir Flycatcher","Ficedula subrubra"
"White-browed Bushchat","Saxicola macrorhynchus"
"Brooks's Leaf Warbler","Phylloscopus subviridis"
"Corn Crake","Crex crex"
"Marsh Babbler","Pellorneum palustre"
"Rosy Minivet","Pericrocotus roseus"
"Ferruginous Flycatcher","Muscicapa ferruginea"
"Gray-headed Fish-Eagle","Haliaeetus ichthyaetus"
"Rufous-headed Parrotbill","Psittiparus bakeri"
"Upland Buzzard","Buteo hemilasius"
"Himalayan Monal","Lophophorus impejanus"
"Tawny Lark","Galerida deva"
"Persian Wheatear","Oenanthe chrysopygia"
"Dark-breasted Rosefinch","Procarduelis nipalensis"
"Carrion Crow","Corvus corone"
"Broad-billed Warbler","Tickellia hodgsoni"
"Reed Bunting","Emberiza schoeniclus"
"Besra","Accipiter virgatus"
"Common Ringed Plover","Charadrius hiaticula"
"Eyebrowed Thrush","Turdus obscurus"
"Olive-backed Sunbird","Cinnyris jugularis"
"Abbott's Babbler","Turdinus abbotti"
"Gray Nightjar","Caprimulgus jotaka"
"Cream-colored Courser","Cursorius cursor"
"Yellow-throated Fulvetta","Schoeniparus cinereus"
"Black-backed Dwarf-Kingfisher","Ceyx erithaca"
"Chestnut Thrush","Turdus rubrocanus"
"Sri Lanka Frogmouth","Batrachostomus moniliger"
"Gold-naped Finch","Pyrrhoplectes epauletta"
"Jerdon's Babbler","Chrysomma altirostre"
"Andaman Serpent-Eagle","Spilornis elgini"
"White-throated Tit","Aegithalos niveogularis"
"Gray-cheeked Warbler","Phylloscopus poliogenys"
"Ibisbill","Ibidorhyncha struthersii"
"Pallas's Grasshopper-Warbler","Locustella certhiola"
"Rufous-winged Fulvetta","Schoeniparus castaneceps"
"Oriental Hobby","Falco severus"
"Black-throated Parrotbill","Suthora nipalensis"
"Rufous-backed Sibia","Minla annectens"
"Blyth's Shrike-Babbler","Pteruthius aeralatus"
"Alpine Accentor","Prunella collaris"
"Blyth's Pipit","Anthus godlewskii"
"Common Quail","Coturnix coturnix"
"Crimson-browed Finch","Carpodacus subhimachalus"
"Brown Noddy","Anous stolidus"
"Stripe-throated Yuhina","Yuhina gularis"
"Pale Blue Flycatcher","Cyornis unicolor"
"Arctic Tern","Sterna paradisaea"
"Common Redstart","Phoenicurus phoenicurus"
"Crow-billed Drongo","Dicrurus annectens"
"Collared Treepie","Dendrocitta frontalis"
"Himalayan Cutia","Cutia nipalensis"
"Palani Laughingthrush","Montecincla fairbanki"
"Greater Adjutant","Leptoptilos dubius"
"Common Green-Magpie","Cissa chinensis"
"Gray-necked Bunting","Emberiza buchanani"
"Orange Bullfinch","Pyrrhula aurantiaca"
"Blue Pitta","Hydrornis cyaneus"
"Darjeeling Woodpecker","Dendrocopos darjellensis"
"Himalayan Quail","Ophrysia superciliosa"
"Silver-breasted Broadbill","Serilophus lunatus"
"Pygmy Cupwing","Pnoepyga pusilla"
"Spot-throated Babbler","Pellorneum albiventre"
"Eurasian Linnet","Linaria cannabina"
"Golden-throated Barbet","Psilopogon franklinii"
"Streak-breasted Scimitar-Babbler","Pomatorhinus ruficollis"
"Asian Desert Warbler","Sylvia nana"
"Masked Finfoot","Heliopais personatus"
"Collared Falconet","Microhierax caerulescens"
"Long-billed Wren-Babbler","Napothera malacoptila"
"Pacific Swallow","Hirundo tahitica"
"Spot-winged Grosbeak","Mycerobas melanozanthos"
"Brown Skua","Stercorarius antarcticus"
"Streaked Shearwater","Calonectris leucomelas"
"Hodgson's Hawk-Cuckoo","Hierococcyx nisicolor"
"Smoky Warbler","Phylloscopus fuligiventer"
"Pink-headed Duck","Rhodonessa caryophyllacea"
"Dalmatian Pelican","Pelecanus crispus"
"Red Crossbill","Loxia curvirostra"
"Lesser Necklaced Laughingthrush","Garrulax monileger"
"Asian House-Martin","Delichon dasypus"
"Sri Lanka Bay-Owl","Phodilus assimilis"
"White-crowned Forktail","Enicurus leschenaulti"
"Himalayan Owl","Strix nivicolum"
"Andaman Drongo","Dicrurus andamanensis"
"Scarlet-backed Flowerpecker","Dicaeum cruentatum"
"Nilgiri Wood-Pigeon","Columba elphinstonii"
"Spot-bellied Eagle-Owl","Bubo nipalensis"
"Pygmy Flycatcher","Ficedula hodgsoni"
"Rufous-throated Wren-Babbler","Spelaeornis caudatus"
"Buff-throated Warbler","Phylloscopus subaffinis"
"Chestnut-headed Tesia","Cettia castaneocoronata"
"Blossom-headed Parakeet","Psittacula roseata"
"Andaman Flowerpecker","Dicaeum virescens"
"Common Wood-Pigeon","Columba palumbus"
"Blunt-winged Warbler","Acrocephalus concinens"
"Black-eared Shrike-Babbler","Pteruthius melanotis"
"Great Myna","Acridotheres grandis"
"Small Buttonquail","Turnix sylvaticus"
"White-throated Needletail","Hirundapus caudacutus"
"Pale-billed Parrotbill","Chleuasicus atrosuperciliaris"
"Spotted Sandgrouse","Pterocles senegallus"
"Ortolan Bunting","Emberiza hortulana"
"Streaked Wren-Babbler","Turdinus brevicaudatus"
"Rufous-capped Babbler","Cyanoderma ruficeps"
"Slaty-bellied Tesia","Tesia olivea"
"European Roller","Coracias garrulus"
"Large Scimitar-Babbler","Megapomatorhinus hypoleucos"
"Eared Grebe","Podiceps nigricollis"
"Ashy Minivet","Pericrocotus divaricatus"
"Brown Bullfinch","Pyrrhula nipalensis"
"Nicobar Pigeon","Caloenas nicobarica"
"Painted Bush-Quail","Perdicula erythrorhyncha"
"Himalayan Shortwing","Brachypteryx cruralis"
"Little Gull","Hydrocoloeus minutus"
"Ruddy Kingfisher","Halcyon coromanda"
"Yellow-rumped Flycatcher","Ficedula zanthopygia"
"Malayan Night-Heron","Gorsachius melanolophus"
"Hooded Crow","Corvus cornix"
"Blood Pheasant","Ithaginis cruentus"
"Bengal Florican","Houbaropsis bengalensis"
"Green Peafowl","Pavo muticus"
"Yellow-vented Flowerpecker","Dicaeum chrysorrheum"
"Buff-breasted Babbler","Pellorneum tickelli"
"Red-necked Grebe","Podiceps grisegena"
"Pied Falconet","Microhierax melanoleucos"
"Himalayan Snowcock","Tetraogallus himalayensis"
"Baer's Pochard","Aythya baeri"
"Dark-rumped Swift","Apus acuticauda"
"Red-necked Stint","Calidris ruficollis"
"Asian Glossy Starling","Aplonis panayensis"
"Plume-toed Swiftlet","Collocalia affinis"
"Brown Parrotbill","Cholornis unicolor"
"White-nest Swiftlet","Aerodramus fuciphagus"
"Andaman Bulbul","Brachypodius fuscoflavescens"
"Lesser Gray Shrike","Lanius minor"
"Western Tragopan","Tragopan melanocephalus"
"Short-eared Owl","Asio flammeus"
"Nicobar Scrubfowl","Megapodius nicobariensis"
"Spanish Sparrow","Passer hispaniolensis"
"Blyth's Swift","Apus leuconyx"
"Andaman Boobook","Ninox affinis"
"Andaman Shama","Copsychus albiventris"
"Nilgiri Sholakili","Sholicola major"
"Rusty-bellied Shortwing","Brachypteryx hyperythra"
"Whooper Swan","Cygnus cygnus"
"Rufous-vented Tit","Periparus rubidiventris"
"Streaked Rosefinch","Carpodacus rubicilloides"
"Jerdon's Baza","Aviceda jerdoni"
"Blue-eared Kingfisher","Alcedo meninting"
"Tawny Owl","Strix aluco"
"Swinhoe's Snipe","Gallinago megala"
"Little Bustard","Tetrax tetrax"
"Spotted Bush Warbler","Locustella thoracica"
"Nilgiri Laughingthrush","Montecincla cachinnans"
"Pin-tailed Sandgrouse","Pterocles alchata"
"White-tailed Tropicbird","Phaethon lepturus"
"Andaman Treepie","Dendrocitta bayleii"
"White-winged Grosbeak","Mycerobas carnipes"
"Pacific Reef-Heron","Egretta sacra"
"Common Grasshopper-Warbler","Locustella naevia"
"Eurasian Siskin","Spinus spinus"
"Chestnut Munia","Lonchura atricapilla"
"Kashmir Nuthatch","Sitta cashmirensis"
"Cachar Bulbul","Iole cacharensis"
"Black-bellied Sandgrouse","Pterocles orientalis"
"Andaman Teal","Anas albogularis"
"Nilgiri Thrush","Zoothera neilgherriensis"
"Rufous-necked Hornbill","Aceros nipalensis"
"Collared Scops-Owl","Otus lettia"
"Bristled Grassbird","Chaetornis striata"
"Black-browed Tit","Aegithalos iouschistos"
"Lesser Cuckoo","Cuculus poliocephalus"
"White-tailed Flycatcher","Cyornis concretus"
"Water Pipit","Anthus spinoletta"
"White-gorgeted Flycatcher","Anthipes monileger"
"Rufous-vented Yuhina","Yuhina occipitalis"
"Mew Gull","Larus canus"
"Hume's Wheatear","Oenanthe albonigra"
"Collared Pratincole","Glareola pratincola"
"Trumpeter Finch","Bucanetes githagineus"
"Common Chaffinch","Fringilla coelebs"
"Stripe-breasted Woodpecker","Dendrocopos atratus"
"Great Snipe","Gallinago media"
"Saunders's Tern","Sternula saundersi"
"Sykes's Nightjar","Caprimulgus mahrattensis"
"Red-throated Thrush","Turdus ruficollis"
"Dark-necked Tailorbird","Orthotomus atrogularis"
"Freckle-breasted Woodpecker","Dendrocopos analis"
"Mountain Bamboo-Partridge","Bambusicola fytchii"
"Collared Grosbeak","Mycerobas affinis"
"White-bellied Sholakili","Sholicola albiventris"
"Tawny Fish-Owl","Ketupa flavipes"
"Red-necked Phalarope","Phalaropus lobatus"
"European Bee-eater","Merops apiaster"
"Andaman Woodpecker","Dryocopus hodgei"
"Gray-sided Laughingthrush","Ianthocincla caerulata"
"Slaty-backed Flycatcher","Ficedula erithacus"
"Kashmir Nutcracker","Nucifraga multipunctata"
"Mountain Tailorbird","Phyllergates cucullatus"
"Collared Myna","Acridotheres albocinctus"
"Red-fronted Rosefinch","Carpodacus puniceus"
"Sociable Lapwing","Vanellus gregarius"
"Spot-breasted Laughingthrush","Garrulax merulinus"
"Spotted Elachura","Elachura formosa"
"Bank Swallow","Riparia riparia"
"Chestnut-crowned Bush Warbler","Cettia major"
"Tibetan Sandgrouse","Syrrhaptes tibetanus"
"White-breasted Parrotbill","Psittiparus ruficeps"
"Rufous-backed Dwarf-Kingfisher","Ceyx rufidorsa"
"Collared Kingfisher","Todiramphus chloris"
"Himalayan White-browed Rosefinch","Carpodacus thura"
"Rufous-faced Warbler","Abroscopus albogularis"
"Grandala","Grandala coelicolor"
"Crested Finchbill","Spizixos canifrons"
"Siberian Thrush","Geokichla sibirica"
"Blue-fronted Robin","Cinclidium frontale"
"Andaman Green-Pigeon","Treron chloropterus"
"Sikkim Treecreeper","Certhia discolor"
"Sooty Gull","Ichthyaetus hemprichii"
"Lesser Kestrel","Falco naumanni"
"Striated Yuhina","Yuhina castaniceps"
"Long-billed Plover","Charadrius placidus"
"Pied Imperial-Pigeon","Ducula bicolor"
"Tibetan Blackbird","Turdus maximus"
"Black-headed Shrike-Babbler","Pteruthius rufiventer"
"Chestnut-winged Cuckoo","Clamator coromandus"
"Greater Whitethroat","Sylvia communis"
"Tundra Swan","Cygnus columbianus"
"Chestnut-breasted Partridge","Arborophila mandellii"
"Great Bittern","Botaurus stellaris"
"White-browed Tit-Warbler","Leptopoecile sophiae"
"Blyth's Kingfisher","Alcedo hercules"
"Andaman Coucal","Centropus andamanensis"
"Hodgson's Redstart","Phoenicurus hodgsoni"
"Lanceolated Warbler","Locustella lanceolata"
"Sapphire Flycatcher","Ficedula sapphira"
"White-throated Bushchat","Saxicola insignis"
"Rock Sparrow","Petronia petronia"
"White-faced Storm-Petrel","Pelagodroma marina"
"Boreal Owl","Aegolius funereus"
"Yellow-bellied Flowerpecker","Dicaeum melanozanthum"
"Andaman Wood-Pigeon","Columba palumboides"
"Greater White-fronted Goose","Anser albifrons"
"Tibetan Lark","Melanocorypha maxima"
"Indian Grassbird","Graminicola bengalensis"
"Long-tailed Thrush","Zoothera dixoni"
"Long-eared Owl","Asio otus"
"Mute Swan","Cygnus olor"
"Pine Bunting","Emberiza leucocephalos"
"Manchurian Bush Warbler","Horornis canturians"
"Clicking Shrike-Babbler","Pteruthius intermedius"
"Purple Cochoa","Cochoa purpurea"
"White-throated Redstart","Phoenicurus schisticeps"
"Brown-winged Kingfisher","Pelargopsis amauroptera"
"Ground Tit","Pseudopodoces humilis"
"Long-billed Dowitcher","Limnodromus scolopaceus"
"Swinhoe's Storm-Petrel","Oceanodroma monorhis"
"Fork-tailed Drongo-Cuckoo","Surniculus dicruroides"
"Spotted Flycatcher","Muscicapa striata"
"Black Noddy","Anous minutus"
"Garden Warbler","Sylvia borin"
"Red-tailed Tropicbird","Phaethon rubricauda"
"Violet Cuckoo","Chrysococcyx xanthorhynchus"
"Black-breasted Parrotbill","Paradoxornis flavirostris"
"Ashambu Laughingthrush","Montecincla meridionalis"
"European Turtle-Dove","Streptopelia turtur"
"Oriental Reed Warbler","Acrocephalus orientalis"
"Brown Booby","Sula leucogaster"
"Chestnut-backed Laughingthrush","Ianthocincla nuchalis"
"Russet Bush Warbler","Locustella mandelli"
"Coral-billed Scimitar-Babbler","Pomatorhinus ferruginosus"
"Slaty-legged Crake","Rallina eurizonoides"
"Blyth's Tragopan","Tragopan blythii"
"White-cheeked Tit","Aegithalos leucogenys"
"Gray-headed Parrotbill","Psittiparus gularis"
"Blanford's Rosefinch","Agraphospiza rubescens"
"Tibetan Partridge","Perdix hodgsoniae"
"Brown Accentor","Prunella fulvescens"
"Tibetan Serin","Spinus thibetanus"
"Large-billed Reed Warbler","Acrocephalus orinus"
"Black-bellied Storm-Petrel","Fregetta tropica"
"Ashy Wood-Pigeon","Columba pulchricollis"
"Amur Falcon","Falco amurensis"
"Hume's Treecreeper","Certhia manipurensis"
"Rufous-backed Redstart","Phoenicurus erythronotus"
"Barau's Petrel","Pterodroma baraui"
"Snow Partridge","Lerwa lerwa"
"Broad-tailed Grassbird","Schoenicola platyurus"
"Caspian Plover","Charadrius asiaticus"
"Slender-billed Babbler","Turdoides longirostris"
"Red-flanked Bluetail","Tarsiger cyanurus"
"Pale-capped Pigeon","Columba punicea"
"Moustached Warbler","Acrocephalus melanopogon"
"Great Reed Warbler","Acrocephalus arundinaceus"
"Mandarin Duck","Aix galericulata"
"Andaman Scops-Owl","Otus balli"
"Chestnut Bunting","Emberiza rutila"
"Spotted Crake","Porzana porzana"
"Arctic Loon","Gavia arctica"
"Striated Swallow","Cecropis striolata"
"Ashy-headed Green-Pigeon","Treron phayrei"
"Rufous-throated Fulvetta","Schoeniparus rufogularis"
"Red-faced Liocichla","Liocichla phoenicea"
"Dark-sided Thrush","Zoothera marginata"
"Brown Hornbill","Anorrhinus austeni"
"Fulvous Parrotbill","Suthora fulvifrons"
"Yellow-eyed Pigeon","Columba eversmanni"
"Rusty-capped Fulvetta","Schoeniparus dubius"
"Eurasian Golden Oriole","Oriolus oriolus"
"Brown Bush Warbler","Locustella luteoventris"
"Manipur Bush-Quail","Perdicula manipurensis"
"Pacific Swift","Apus pacificus"
"Red-footed Falcon","Falco vespertinus"
"Sclater's Monal","Lophophorus sclateri"
"Rufous-tailed Rock-Thrush","Monticola saxatilis"
"Tawny-breasted Wren-Babbler","Spelaeornis longicaudatus"
"Gray-crowned Prinia","Prinia cinereocapilla"
"Little Crake","Zapornia parva"
"Red Phalarope","Phalaropus fulicarius"
"West Himalayan Bush Warbler","Locustella kashmirensis"
"Nicobar Imperial-Pigeon","Ducula nicobarica"
"Snowy-throated Babbler","Stachyris oglei"
"Plain Leaf Warbler","Phylloscopus neglectus"
"Hypocolius","Hypocolius ampelinus"
"Song Thrush","Turdus philomelos"
"Masked Booby","Sula dactylatra"
"Claudia's Leaf Warbler","Phylloscopus claudiae"
"Lesser Frigatebird","Fregata ariel"
"Dusky Thrush","Turdus eunomus"
"Black-browed Reed Warbler","Acrocephalus bistrigiceps"
"Eastern Spot-billed Duck","Anas zonorhyncha"
"Australasian Grass-Owl","Tyto longimembris"
"Hume's Bush Warbler","Horornis brunnescens"
"Golden-crested Myna","Ampeliceps coronatus"
"Pallid Scops-Owl","Otus brucei"
"Chinese Francolin","Francolinus pintadeanus"
"Pale-footed Bush Warbler","Urosphena pallidipes"
"Merlin","Falco columbarius"
"Beach Thick-knee","Esacus magnirostris"
"Oriental Plover","Charadrius veredus"
"Japanese Quail","Coturnix japonica"
"Satyr Tragopan","Tragopan satyra"
"Red Kite","Milvus milvus"
"Sedge Warbler","Acrocephalus schoenobaenus"
"Long-billed Bush Warbler","Locustella major"
"Eyebrowed Wren-Babbler","Napothera epilepidota"
"Lesser Shortwing","Brachypteryx leucophris"
"Gray-headed Bullfinch","Pyrrhula erythaca"
"Nicobar Parakeet","Psittacula caniceps"
"Gray-bellied Wren-Babbler","Spelaeornis reptatus"
"Wood Snipe","Gallinago nemoricola"
"Green Cochoa","Cochoa viridis"
"Himalayan Beautiful Rosefinch","Carpodacus pulcherrimus"
"Streak-throated Barwing","Actinodura waldeni"
"Two-barred Warbler","Phylloscopus plumbeitarsus"
"South Polar Skua","Stercorarius maccormicki"
"Sind Woodpecker","Dendrocopos assimilis"
"Chinese Leaf Warbler","Phylloscopus yunnanensis"
"Smew","Mergellus albellus"
"Andaman Crake","Rallina canningi"
"Red-throated Pipit","Anthus cervinus"
"Arctic Warbler","Phylloscopus borealis"
"Narcondam Hornbill","Rhyticeros narcondami"
"Oriental Bay-Owl","Phodilus badius"
"Hawfinch","Coccothraustes coccothraustes"
"Eurasian Skylark","Alauda arvensis"
"Azure Tit","Cyanistes cyanus"
"Legge's Hawk-Eagle","Nisaetus kelaarti"
"Jerdon's Bushchat","Saxicola jerdoni"
"Sillem's Rosefinch","Carpodacus sillemi"
"Ludlow's Fulvetta","Fulvetta ludlowi"
"Sharp-tailed Sandpiper","Calidris acuminata"
"Nicobar Serpent-Eagle","Spilornis klossi"
"Yellowhammer","Emberiza citrinella"
"Andaman Cuckooshrike","Coracina dobsoni"
"Rufous-vented Grass Babbler","Laticilla burnesii"
"Lesser Noddy","Anous tenuirostris"
"Eastern Marsh-Harrier","Circus spilonotus"
"Immaculate Cupwing","Pnoepyga immaculata"
"Buff-breasted Sandpiper","Calidris subruficollis"
"Silver-backed Needletail","Hirundapus cochinchinensis"
"Vinaceous Rosefinch","Carpodacus vinaceus"
"Ward's Trogon","Harpactes wardi"
"Caspian Gull","Larus cachinnans"
"Gould's Shortwing","Brachypteryx stellata"
"Banasura Laughingthrush","Montecincla jerdoni"
"Black-tailed Crake","Zapornia bicolor"
"Tundra Bean-Goose","Anser serrirostris"
"American Pipit","Anthus rubescens"
"Hill Blue Flycatcher","Cyornis banyumas"
"White-cheeked Tern","Sterna repressa"
"Bridled Tern","Onychoprion anaethetus"
"Cetti's Warbler","Cettia cetti"
"Greater Scaup","Aythya marila"
"Roseate Tern","Sterna dougallii"
"Red-tailed Shrike","Lanius phoenicuroides"
"Andaman Cuckoo-Dove","Macropygia rufipennis"
"Yellow-rumped Honeyguide","Indicator xanthonotus"
"Parasitic Jaeger","Stercorarius parasiticus"
"Pomarine Jaeger","Stercorarius pomarinus"
"Red-billed Tropicbird","Phaethon aethereus"
"Forest Owlet","Athene blewitti"
"Red-billed Scimitar-Babbler","Pomatorhinus ochraceiceps"
"Chestnut-vented Nuthatch","Sitta nagaensis"
"Goliath Heron","Ardea goliath"
"Flesh-footed Shearwater","Ardenna carneipes"
"Black-legged Kittiwake","Rissa tridactyla"
"Hodgson's Frogmouth","Batrachostomus hodgsoni"
"Rusty-throated Wren-Babbler","Spelaeornis badeigularis"
"White-breasted Woodswallow","Artamus leucorynchus"
"Hume's Boobook","Ninox obscura"
"Chestnut-cheeked Starling","Agropsar philippensis"
"Bhutan Laughingthrush","Trochalopteron imbricatum"
"Temminck's Tragopan","Tragopan temminckii"
"Great Frigatebird","Fregata minor"
"Striped Laughingthrush","Trochalopteron virgatum"
"Streak-throated Fulvetta","Fulvetta manipurensis"
"Eastern Yellow Wagtail","Motacilla tschutschensis"
"Brown-cheeked Rail","Rallus indicus"
"Common Goldeneye","Bucephala clangula"
"Crested Tit-Warbler","Leptopoecile elegans"
"Bar-winged Wren-Babbler","Spelaeornis troglodytoides"
"Bugun Liocichla","Liocichla bugunorum"
"Blackish-breasted Babbler","Stachyris humei"
"Andaman Masked-Owl","Tyto deroepstorffi"
"Taiga Bean-Goose","Anser fabalis"
"Andaman Nightjar","Caprimulgus andamanicus"
"Spot-breasted Scimitar-Babbler","Megapomatorhinus mcclellandi"
"White-backed Thrush","Turdus kessleri"
"Chinese Pond-Heron","Ardeola bacchus"
"Eurasian Nightjar","Caprimulgus europaeus"
"Lesser White-fronted Goose","Anser erythropus"
"Daurian Starling","Agropsar sturninus"
"Jouanin's Petrel","Bulweria fallax"
"Siberian Blue Robin","Larvivora cyane"
"Chevron-breasted Babbler","Stachyris roberti"
"Black-headed Bulbul","Brachypodius atriceps"
"Nicobar Bulbul","Hypsipetes nicobariensis"
"Rufous-tailed Scrub-Robin","Cercotrichas galactotes"
"Tropical Shearwater","Puffinus bailloni"
"Mangrove Pitta","Pitta megarhyncha"
"Baikal Teal","Sibirionetta formosa"
"Red Knot","Calidris canutus"
"Nicobar Sparrowhawk","Accipiter butleri"
"Nicobar Jungle-Flycatcher","Cyornis nicobaricus"
"Hill Prinia","Prinia superciliaris"
"Great Parrotbill","Conostoma aemodium"
"Gray-faced Buzzard","Butastur indicus"
"Wilson's Storm-Petrel","Oceanites oceanicus"
"Gray-headed Parakeet","Psittacula finschii"
"Wedge-tailed Shearwater","Ardenna pacifica"
"Gray-crowned Warbler","Phylloscopus tephrocephalus"
"Fieldfare","Turdus pilaris"
"Tristram's Bunting","Emberiza tristrami"
"Persian Shearwater","Puffinus persicus"
"Buffy Fish-Owl","Ketupa ketupu"
"Long-tailed Jaeger","Stercorarius longicaudus"
"Red-footed Booby","Sula sula"
"Blyth's Paradise-Flycatcher","Terpsiphone affinis"
"Rufous-necked Snowfinch","Montifringilla ruficollis"
"Long-tailed Wren-Babbler","Spelaeornis chocolatinus"
"Burmese Shrike","Lanius collurioides"
"Pale Rockfinch","Carpospiza brachydactyla"
"Slender-billed Oriole","Oriolus tenuirostris"
"Firethroat","Calliope pectardens"
"Brown-rumped Minivet","Pericrocotus cantonensis"
"Franklin's Gull","Leucophaeus pipixcan"
"Elliot's Laughingthrush","Trochalopteron elliotii"
"Cory's Shearwater","Calonectris diomedea"
"Blue-winged Pitta","Pitta moluccensis"
"Himalayan Thrush","Zoothera salimalii"
"Pectoral Sandpiper","Calidris melanotos"
"Northern Wheatear","Oenanthe oenanthe"
"Chinese Thrush","Otocichla mupinensis"
"Brown-capped Laughingthrush","Trochalopteron austeni"
"Spot-breasted Parrotbill","Paradoxornis guttaticollis"
"Yellow-throated Laughingthrush","Ianthocincla galbana"
"White-browed Laughingthrush","Ianthocincla sannio"
"European Golden-Plover","Pluvialis apricaria"
"White Tern","Gygis alba"
"Blue-throated Bee-eater","Merops viridis"
"Pink-rumped Rosefinch","Carpodacus waltoni"
"Baikal Bush Warbler","Locustella davidi"
"Nicobar Scops-Owl","Otus alius"
"Short-tailed Shearwater","Ardenna tenuirostris"
"Asian Stubtail","Urosphena squameiceps"
"Woodchat Shrike","Lanius senator"
"Mugimaki Flycatcher","Ficedula mugimaki"
"Sabine's Gull","Xema sabini"
"Moustached Laughingthrush","Ianthocincla cineracea"
"Eurasian Eagle-Owl","Bubo bubo"
"Great Spotted Woodpecker","Dendrocopos major"
"Black-headed Greenfinch","Chloris ambigua"
"Red-breasted Goose","Branta ruficollis"
"Christmas Island Frigatebird","Fregata andrewsi"
"Black Tern","Chlidonias niger"
"Godlewski's Bunting","Emberiza godlewskii"
"Chinese Bush Warbler","Locustella tacsanowskia"
"Yunnan Nuthatch","Sitta yunnanensis"
"Blue-and-white Flycatcher","Cyanoptila cyanomelana"
"White-rumped Snowfinch","Montifringilla taczanowskii"
"Chinese Sparrowhawk","Accipiter soloensis"
"Herring Gull","Larus argentatus"
"Van Hasselt's Sunbird","Leptocoma brasiliana"
"Red-throated Loon","Gavia stellata"
"Chestnut-flanked White-eye","Zosterops erythropleurus"
"Large Blue Flycatcher","Cyornis magnirostris"
"White-headed Duck","Oxyura leucocephala"
"Eurasian Scops-Owl","Otus scops"
"Pied Triller","Lalage nigra"
"European Honey-buzzard","Pernis apivorus"
"Red-breasted Merganser","Mergus serrator"
"Wood Warbler","Phylloscopus sibilatrix"
"White-eyed Gull","Ichthyaetus leucophthalmus"
"Chinese White-browed Rosefinch","Carpodacus dubius"
"White-eared Night-Heron","Gorsachius magnificus"
"Vivid Niltava","Niltava vivida"
"Crimson-winged Finch","Rhodopechys sanguineus"
"Japanese Sparrowhawk","Accipiter gularis"
"Rock Eagle-Owl","Bubo bengalensis"
"Lesser Short-toed Lark","Alaudala rufescens"
"White-browed Crake","Amaurornis cinerea"
"Gray-tailed Tattler","Tringa brevipes"
"Hume's Pheasant","Syrmaticus humiae"
"Masked Shrike","Lanius nubicus"
"White-cheeked Starling","Spodiopsar cineraceus"
"Finsch's Wheatear","Oenanthe finschii"
"Chinese Egret","Egretta eulophotes"
"Rook","Corvus frugilegus"
"Horsfield's Bronze-Cuckoo","Chrysococcyx basalis"
"Javan Pond-Heron","Ardeola speciosa"
"Pied Crow","Corvus albus"
"Namaqua Dove","Oena capensis"
"American Golden-Plover","Pluvialis dominica"
"Yellow-browed Bunting","Emberiza chrysophrys"
"Amur Paradise-Flycatcher","Terpsiphone incei"
"Zappey's Flycatcher","Cyanoptila cumatilis"
"Chin Hills Wren-Babbler","Spelaeornis oatesi"
"Spoon-billed Sandpiper","Calidris pygmaea"
"Pale Rosefinch","Carpodacus stoliczkae"
"Desert Finch","Rhodospiza obsoleta"
"Naumann's Thrush","Turdus naumanni"
"Rustic Bunting","Emberiza rustica"
"Red-billed Starling","Spodiopsar sericeus"
"Green Avadavat","Sporaeginthus formosus"
"Great Indian Bustard","Ardeotis nigriceps"
"Lesser Florican","Sypheotides indicus"
"Derbyan Parakeet","Psittacula derbiana"
"Yellow-breasted Bunting","Emberiza aureola"
"Saker Falcon","Falco cherrug"
"Finn's Weaver","Ploceus megarhynchus"
